stock_id,stock_name,event_type,event_subtype,event_title,source_name,source_url,announcement_datetime,event_effective_start_date,event_effective_end_date,signal_usable_date,known_before_signal_close,post_close_pre_next_open,raw_payload_hash
6173,信昌電,disposition,因連續3個營業日達本中心作業要點第四條第一項第一款,因連續3個營業日達本中心作業要點第四條第一項第一款,TPEx disposition securities,https://www.tpex.org.tw/openapi/v1/tpex_disposal_information,2026-06-16 00:00:00,2026-06-17,2026-07-01,2026-06-16,true,false,sha256:77fbe8558aa7a0040f7fcca3996d89476ab8a1dccd21e11f6b8b0dc1df759906
6187,萬潤,disposition,最近10個營業日內有6個營業日,最近10個營業日內有6個營業日,TPEx disposition securities,https://www.tpex.org.tw/openapi/v1/tpex_disposal_information,2026-06-16 00:00:00,2026-06-17,2026-07-01,2026-06-16,true,false,sha256:97c70b96ec0b20591e2f6b32a60aae054cff1eb9a9c96a72926c8409ea247d15
2383,台光電,disposition,最近十個營業日已有六次,最近十個營業日已有六次,TWSE disposition securities,https://openapi.twse.com.tw/v1/announcement/punish,2026-06-17 00:00:00,,,2026-06-17,true,false,sha256:40119d4ea407bf7c81abf8d1af9d7e2862e893360bb38fe45a3b23a63836a8c2
3026,禾伸堂,disposition,連續三次,連續三次,TWSE disposition securities,https://openapi.twse.com.tw/v1/announcement/punish,2026-06-17 00:00:00,,,2026-06-17,true,false,sha256:7d4fdab077235250b3b8e1720a556630c958ad157f0f8fef5d74c4ba4f27fab1
4991,環宇-KY,disposition,連續5個營業日,連續5個營業日,TPEx disposition securities,https://www.tpex.org.tw/openapi/v1/tpex_disposal_information,2026-06-17 00:00:00,2026-06-18,2026-07-02,2026-06-17,true,false,sha256:2ac193177ae53311288124c4269afe341c784dc62155daeb967a9bbeec0a1018
8027,鈦昇,disposition,最近10個營業日內有6個營業日,最近10個營業日內有6個營業日,TPEx disposition securities,https://www.tpex.org.tw/openapi/v1/tpex_disposal_information,2026-06-17 00:00:00,2026-06-18,2026-07-02,2026-06-17,true,false,sha256:b863872dec234b17d392828485482a0c30f85592ca5ee4f394ca6fb317feb454
8042,金山電,disposition,因連續3個營業日達本中心作業要點第四條第一項第一款,因連續3個營業日達本中心作業要點第四條第一項第一款,TPEx disposition securities,https://www.tpex.org.tw/openapi/v1/tpex_disposal_information,2026-06-17 00:00:00,2026-06-18,2026-07-02,2026-06-17,true,false,sha256:df91dda920273753aff8cbf683f28bc010b4e8bd9f61b8655b8d6bf5ca8797f3
2455,全新,disposition,連續五次,連續五次,TWSE disposition securities,https://openapi.twse.com.tw/v1/announcement/punish,2026-06-18 00:00:00,,,2026-06-18,true,false,sha256:2b71f26cb532bf89282bc863db150379cb1216cea60c984c7203edea6f15dc52
2478,大毅,disposition,連續三次,連續三次,TWSE disposition securities,https://openapi.twse.com.tw/v1/announcement/punish,2026-06-18 00:00:00,,,2026-06-18,true,false,sha256:edc6c4cb76a2717d6f4d01e30b4a7031089a6f770461c7d040c51c95be9c3349
3163,波若威,disposition,最近10個營業日內有6個營業日,最近10個營業日內有6個營業日,TPEx disposition securities,https://www.tpex.org.tw/openapi/v1/tpex_disposal_information,2026-06-18 00:00:00,2026-06-22,2026-07-03,2026-06-18,true,false,sha256:7fc84965c80d8817ca148e3156ae69441a5a925b7864ded449f6890718a51cd0
3532,台勝科,disposition,連續三次,連續三次,TWSE disposition securities,https://openapi.twse.com.tw/v1/announcement/punish,2026-06-18 00:00:00,,,2026-06-18,true,false,sha256:ff2a504bae99bdc146aede31495d5e3a7f19c417a9c273d9b068df05fd9df746
6488,環球晶,disposition,因連續3個營業日達本中心作業要點第四條第一項第一款,因連續3個營業日達本中心作業要點第四條第一項第一款,TPEx disposition securities,https://www.tpex.org.tw/openapi/v1/tpex_disposal_information,2026-06-18 00:00:00,2026-06-22,2026-07-03,2026-06-18,true,false,sha256:0a555f49df8b73a0cbab5f3efe67fe82b5aacd18f11d945ab820e79af0b7326a
3090,日電貿,disposition,連續三次及當日沖銷標準,連續三次及當日沖銷標準,TWSE disposition securities,https://openapi.twse.com.tw/v1/announcement/punish,2026-06-22 00:00:00,,,2026-06-22,true,false,sha256:4c306cebd48553435dc83c3c14a0a33fcbc43df24bc35b0987dc96a77d57f009
1303,南亞,disposition,連續三次,連續三次,TWSE disposition securities,https://openapi.twse.com.tw/v1/announcement/punish,2026-06-23 00:00:00,,,2026-06-23,true,false,sha256:189d4b76d7a1e23e9eef5f8b681bf58a41ce92f39fb0c1aa7d15793a6dea9647
2492,華新科,disposition,連續三次,連續三次,TWSE disposition securities,https://openapi.twse.com.tw/v1/announcement/punish,2026-06-23 00:00:00,,,2026-06-23,true,false,sha256:0b3f56f73e38dcde94b91568cd893fd3c3d3bac299ad5acfe5e54482c7787c09
6415,矽力*-KY,disposition,連續三次,連續三次,TWSE disposition securities,https://openapi.twse.com.tw/v1/announcement/punish,2026-06-23 00:00:00,,,2026-06-23,true,false,sha256:639220e314d8f7f5352a405c4c1c0d43f4b6f39da7a197286be9ea380fe20768
6903,巨漢,ex_dividend,,除息,TPEx ex-dividend preview,https://www.tpex.org.tw/openapi/v1/tpex_exright_prepost,2026-06-23 00:00:00,2026-06-23,,2026-06-23,true,false,sha256:5e502c891dabb79817bb4995b546c3e6f15db287a5f70fe8eaba0e18f6fc918c
8096,擎亞,disposition,最近10個營業日內有6個營業日,最近10個營業日內有6個營業日,TPEx disposition securities,https://www.tpex.org.tw/openapi/v1/tpex_disposal_information,2026-06-23 00:00:00,2026-06-24,2026-07-07,2026-06-23,true,false,sha256:ed09bf5f406a3b68e4d176be60da68b3330740c7bb634e41b890b165285fe866
8996,高力,disposition,連續三次,連續三次,TWSE disposition securities,https://openapi.twse.com.tw/v1/announcement/punish,2026-06-23 00:00:00,,,2026-06-23,true,false,sha256:54f9c6be726930744bc1a8211a5c38ed8ab29b6b04aba91dab3f5127b92bf441
3374,精材,ex_dividend,,除息,TPEx ex-dividend preview,https://www.tpex.org.tw/openapi/v1/tpex_exright_prepost,2026-06-24 00:00:00,2026-06-24,,2026-06-24,true,false,sha256:fa102174b74b0266e9ac86f4834303a97d024bf954514944f95437c09db569e7
3529,力旺,ex_dividend,,除息,TPEx ex-dividend preview,https://www.tpex.org.tw/openapi/v1/tpex_exright_prepost,2026-06-25 00:00:00,2026-06-25,,2026-06-25,true,false,sha256:8e0498eb73f350ad3fe223464ea6067d62f9e944435ca4458430b07e84c88503
6811,宏碁資訊,ex_dividend,,除息,TPEx ex-dividend preview,https://www.tpex.org.tw/openapi/v1/tpex_exright_prepost,2026-06-25 00:00:00,2026-06-25,,2026-06-25,true,false,sha256:6ac4a345e59a72d0d26925ed79b59c4b87ec605202696b2f6505d13a53b41535
8227,巨有科技,ex_dividend,,除息,TPEx ex-dividend preview,https://www.tpex.org.tw/openapi/v1/tpex_exright_prepost,2026-06-25 00:00:00,2026-06-25,,2026-06-25,true,false,sha256:22a6082db8c16630b7b76848348e159ac1491fae2d3c061f9f5fdb5b033fd9df
5274,信驊,ex_dividend,,除息,TPEx ex-dividend preview,https://www.tpex.org.tw/openapi/v1/tpex_exright_prepost,2026-06-26 00:00:00,2026-06-26,,2026-06-26,true,false,sha256:51238485dafdd751b06743f47cd826734849cf0dd5d06f87552a367580f43063
3450,聯鈞,disposition,最近十個營業日已有六次,最近十個營業日已有六次,TWSE disposition securities,https://openapi.twse.com.tw/v1/announcement/punish,2026-06-29 00:00:00,,,2026-06-29,true,false,sha256:4c03c40edfb1288914764c8e187ec253a88d2f73442288c16c9779832eed11d7
3580,友威科,ex_dividend,,除息,TPEx ex-dividend preview,https://www.tpex.org.tw/openapi/v1/tpex_exright_prepost,2026-06-29 00:00:00,2026-06-29,,2026-06-29,true,false,sha256:f705a722b1c849a6069a933a185fa255a6e604a769296422b9fe7e76bf196553
2397,友通,ex_dividend,,息,TWSE ex-dividend preview,https://openapi.twse.com.tw/v1/exchangeReport/TWT48U_ALL,2026-06-30 00:00:00,2026-06-30,,2026-06-30,true,false,sha256:d7246c6472d0b7c36dc81263bae94794106dc4b90144b6f60d4d2a0b46825fcc
3264,欣銓,ex_dividend,,除息,TPEx ex-dividend preview,https://www.tpex.org.tw/openapi/v1/tpex_exright_prepost,2026-06-30 00:00:00,2026-06-30,,2026-06-30,true,false,sha256:a815f5ee6dce90bd7ca94b702ab0a2881cec3e32feea6706e1eb1c08f9366eff
8039,台虹,ex_dividend,,息,TWSE ex-dividend preview,https://openapi.twse.com.tw/v1/exchangeReport/TWT48U_ALL,2026-06-30 00:00:00,2026-06-30,,2026-06-30,true,false,sha256:b6c18931ff16b1cfa629734eb58bf0f1df55c41e8bf39ca7d73e140a96532051
8299,群聯,ex_dividend,,除息,TPEx ex-dividend preview,https://www.tpex.org.tw/openapi/v1/tpex_exright_prepost,2026-06-30 00:00:00,2026-06-30,,2026-06-30,true,false,sha256:206c30df8f9b59ee68feab610cd66f14e5c137a47d1c0a57dbf1bfd8e3fb299a
2303,聯電,disposition,最近十個營業日已有六次,最近十個營業日已有六次,TWSE disposition securities,https://openapi.twse.com.tw/v1/announcement/punish,2026-07-01 00:00:00,,,2026-07-01,true,false,sha256:239477290d7c2ac4cb4430681637ae50a76273d09cb3b7d593b37ff1902d0b23
2357,華碩,ex_dividend,,息,TWSE ex-dividend preview,https://openapi.twse.com.tw/v1/exchangeReport/TWT48U_ALL,2026-07-01 00:00:00,2026-07-01,,2026-07-01,true,false,sha256:46aa88ece508b469c4b2439632f8a67dd646fb89b1204f1a1406aeb3dd7cf443
3363,上詮,attention,最近六個營業日(含當日)累積之最後成交價跌幅達23.41%且最近六個營業日(含當日)起迄兩個營業日之最後成交價價差達新臺幣133元(第一款),最近六個營業日(含當日)累積之最後成交價跌幅達23.41%且最近六個營業日(含當日)起迄兩個營業日之最後成交價價差達新臺幣133元(第一款),TPEx attention securities,https://www.tpex.org.tw/openapi/v1/tpex_trading_warning_information,2026-07-01 00:00:00,,,2026-07-01,true,false,sha256:c17468008f00df768b77b85e00399e04d629964f20a477ea3c6b6003f1acc68a
3515,華擎,ex_dividend,,息,TWSE ex-dividend preview,https://openapi.twse.com.tw/v1/exchangeReport/TWT48U_ALL,2026-07-01 00:00:00,2026-07-01,,2026-07-01,true,false,sha256:280a494d38bf37ce71d2becdd31813abcf583f87063a2e35b0581a90f8751c7d
5328,華容,attention,最近六個營業日(含當日)累積之最後成交價漲幅達41.69%(第一款)最近三十個營業日(含當日)起迄兩個營業日之最後成交價漲幅達153.07%(第二款)最近六十個營業日(含當日)起迄兩個營業日之最後成交價漲幅達244.49%(第二款)最近九十個營業日(含當日)起迄兩個營業日之最後成交價漲幅達239.26%(第二款)當日週轉率達14.73%(第四款),最近六個營業日(含當日)累積之最後成交價漲幅達41.69%(第一款)最近三十個營業日(含當日)起迄兩個營業日之最後成交價漲幅達153.07%(第二款)最近六十個營業日(含當日)起迄兩個營業日之最後成交價漲幅達244.49%(第二款)最近九十個營業日(含當日)起迄兩個營業日之最後成交價漲幅達239.26%(第二款)當日週轉率達14.73%(第四款),TPEx attention securities,https://www.tpex.org.tw/openapi/v1/tpex_trading_warning_information,2026-07-01 00:00:00,,,2026-07-01,true,false,sha256:0379b345c199277e7b965d1df90f8600d6590bbdcbf0788ccc40987cddcb7602
5474,聰泰,ex_dividend,,除息,TPEx ex-dividend preview,https://www.tpex.org.tw/openapi/v1/tpex_exright_prepost,2026-07-01 00:00:00,2026-07-01,,2026-07-01,true,false,sha256:66e339c27454deb4de716050c7a730632f9e5b6836d6ed4cde4d10967659bef3
6285,啟碁,ex_dividend,,息,TWSE ex-dividend preview,https://openapi.twse.com.tw/v1/exchangeReport/TWT48U_ALL,2026-07-01 00:00:00,2026-07-01,,2026-07-01,true,false,sha256:525777bd61dd16ad8f08c213b5ed9d2e0604c7b65de8bfefb7785fd6957c1215
8043,蜜望實,attention,最近六個營業日(含當日)之累積週轉率為82.86%，當日週轉率達25.53%(第十款),最近六個營業日(含當日)之累積週轉率為82.86%，當日週轉率達25.53%(第十款),TPEx attention securities,https://www.tpex.org.tw/openapi/v1/tpex_trading_warning_information,2026-07-01 00:00:00,,,2026-07-01,true,false,sha256:fada9140fbbdf1c02aa5f571b34f615176db3d9a42e45544411f9074c2ba9778
8088,品安,ex_dividend,,除息,TPEx ex-dividend preview,https://www.tpex.org.tw/openapi/v1/tpex_exright_prepost,2026-07-01 00:00:00,2026-07-01,,2026-07-01,true,false,sha256:cc5cef68a6e9601ab5d47650cbf536240049289108950c27d2a6ceea9cc631b3
8240,華宏,ex_dividend,,除息,TPEx ex-dividend preview,https://www.tpex.org.tw/openapi/v1/tpex_exright_prepost,2026-07-01 00:00:00,2026-07-01,,2026-07-01,true,false,sha256:e5e84fad7ac2380adfbfefc1639d3538a6c136e428eddcd71f631856c80e1919
8271,宇瞻,ex_dividend,,息,TWSE ex-dividend preview,https://openapi.twse.com.tw/v1/exchangeReport/TWT48U_ALL,2026-07-01 00:00:00,2026-07-01,,2026-07-01,true,false,sha256:5919e3ba0a27fd1887eb5329681e6e155277336b45d48890214062a1cdd54256
8299,群聯,attention,最近六個營業日(含當日)起迄兩個營業日之最後成交價價差達新臺幣213.03元(第十一款),最近六個營業日(含當日)起迄兩個營業日之最後成交價價差達新臺幣213.03元(第十一款),TPEx attention securities,https://www.tpex.org.tw/openapi/v1/tpex_trading_warning_information,2026-07-01 00:00:00,,,2026-07-01,true,false,sha256:c24a1d2a10ff15dfd574bd46f89eba0bbcc17277e078d1915be351463fbcaccf
8358,金居,attention,當日本益比為112.67、股價淨值比為18.19且為其所屬產業類別股價淨值比之3.69倍、當日週轉率達5.11%、元大證券公司當日買進該有價證券之成交金額達20.96億元，且占當日該有價證券之總成交金額26.61%(第六款),當日本益比為112.67、股價淨值比為18.19且為其所屬產業類別股價淨值比之3.69倍、當日週轉率達5.11%、元大證券公司當日買進該有價證券之成交金額達20.96億元，且占當日該有價證券之總成交金額26.61%(第六款),TPEx attention securities,https://www.tpex.org.tw/openapi/v1/tpex_trading_warning_information,2026-07-01 00:00:00,,,2026-07-01,true,false,sha256:16698f913e8a3d21e8c2fcd6d2dcf1273b0b06d813d73a18a8390f937ea78d9c
2059,川湖,material_info,第51款,澄清經濟日報C01版報導,TWSE material information,https://openapi.twse.com.tw/v1/opendata/t187ap04_L,2026-07-01 11:01:48,,,2026-07-01,true,false,sha256:2be3fd7f36cb2ee08530da412556fb456a3cd52b4a11d4291eef802157b03f60
8039,台虹,material_info,第8款,代重要子公司深圳台虹電子有限公司公告財務主管 、會計主管異動,TWSE material information,https://openapi.twse.com.tw/v1/opendata/t187ap04_L,2026-07-01 13:35:48,,,2026-07-02,false,true,sha256:7fd9291f40f29195a4e32e47490fb3dfb4151da4f3388f79edc169daa1d1e1e3
6669,緯穎,material_info,第43款,本公司捐贈「財團法人緯穎永續基金會」,TWSE material information,https://openapi.twse.com.tw/v1/opendata/t187ap04_L,2026-07-01 13:41:34,,,2026-07-02,false,true,sha256:4b7046a53ebfdba3652ab3ac25dc1ef81709cb80ec45e6c6dbb98e6cfa8bea82
8021,尖點,material_info,第51款,公告本公司國內第二次無擔保轉換公司債轉換價格調整,TWSE material information,https://openapi.twse.com.tw/v1/opendata/t187ap04_L,2026-07-01 14:12:54,,,2026-07-02,false,true,sha256:090bdc3b81787e6470aec60b70abcc0770864e7fa3487ca77477d42f13ea768b
3008,大立光,investor_meeting,第12款,本公司召開法人說明會事宜,TWSE material information,https://openapi.twse.com.tw/v1/opendata/t187ap04_L,2026-07-01 14:36:01,,,2026-07-02,false,true,sha256:0b76432b2f8ac0034a85fc6cf57c418d4b23bbbb3507ce0e3e28bf1d5b3d4b82
8358,金居,material_info,第14款,公告本公司115年配息基準日,TPEx material information,https://www.tpex.org.tw/openapi/v1/mopsfin_t187ap04_O,2026-07-01 14:38:34,,,2026-07-02,false,true,sha256:50b661ed20b9ab9ecf2ca9614b8a88059e8c665eee1d17ad929cfefc69c920cd
2383,台光電,material_info,第20款,代子公司中山台光電子材料有限公司公告取得供營業用之機器設備,TWSE material information,https://openapi.twse.com.tw/v1/opendata/t187ap04_L,2026-07-01 14:43:06,,,2026-07-02,false,true,sha256:643934177b10a125a6c384e6a0b656938391ccebcdb99fcfc1d815ed7cfde4f0
1560,中砂,material_info,第14款,公告本公司調整配息率,TWSE material information,https://openapi.twse.com.tw/v1/opendata/t187ap04_L,2026-07-01 14:54:28,,,2026-07-02,false,true,sha256:9ab07cf7c6977a38644a152dd5d502ee9a5278a9d0b91d6845cdb94c07c31cbf
2340,台亞,material_info,第51款,說明媒體報導有關本公司與德勝光電訴訟案之相關報導,TWSE material information,https://openapi.twse.com.tw/v1/opendata/t187ap04_L,2026-07-01 14:54:57,,,2026-07-02,false,true,sha256:48b80a6191b87a4b06b0743ab36be96c4ce0e0941e6cfb1622c8ab28f0f45bbb
2466,冠西電,material_info,第6款,公告本公司法人董事改派代表人暨董事變動達三分之一,TWSE material information,https://openapi.twse.com.tw/v1/opendata/t187ap04_L,2026-07-01 15:07:15,,,2026-07-02,false,true,sha256:d54ec0ab3729ca26c2f215b86c084680bd8da2f607cd25d87f4892bd103025c7
2412,中華電,investor_meeting,第12款,本公司將召開線上法說會說明115年第2季營運成果,TWSE material information,https://openapi.twse.com.tw/v1/opendata/t187ap04_L,2026-07-01 15:18:42,,,2026-07-02,false,true,sha256:c03768529dce2968969f3f81453684423ee52f3c3215182d355bcdfe995aabbe
2409,友達,investor_meeting,第12款,公告本公司將於7月30日召開法人說明會,TWSE material information,https://openapi.twse.com.tw/v1/opendata/t187ap04_L,2026-07-01 15:31:08,,,2026-07-02,false,true,sha256:321983a2d15c047a2a1f9b6c8ffbdaea45eb9e4c06f52c16a947a4bdeecb6ce5
5340,建榮,material_info,第6款,本公司法人董事之代表人變動公告,TPEx material information,https://www.tpex.org.tw/openapi/v1/mopsfin_t187ap04_O,2026-07-01 15:33:25,,,2026-07-02,false,true,sha256:4c6130524a4eabb8d882b6244f16ece98730e3c30eb482fcf9ccfbdd8bdafc0e
4919,新唐,material_info,第8款,公告本公司副執行長事宜,TWSE material information,https://openapi.twse.com.tw/v1/opendata/t187ap04_L,2026-07-01 15:41:03,,,2026-07-02,false,true,sha256:92a7f0168aef5db57caeb8d0e2f70eca1f278769171bc4adf41628b78b130b14
3665,貿聯-KY,material_info,第51款,公告本公司第六次海外無擔保轉換公司債轉換價格調整,TWSE material information,https://openapi.twse.com.tw/v1/opendata/t187ap04_L,2026-07-01 16:02:42,,,2026-07-02,false,true,sha256:62ec41fc636a5ae04562dd56422509864525fe64f7d244afe098f55f4fa5163e
8996,高力,material_info,第51款,公告高力股份有限公司國內第四次無擔轉換公司債轉換公司債(簡稱：高力四，代碼：89964)發行公司行使債券贖回權暨訂於115年08月28日終止櫃檯買賣等相關事宜。,TWSE material information,https://openapi.twse.com.tw/v1/opendata/t187ap04_L,2026-07-01 16:46:58,,,2026-07-02,false,true,sha256:ba6e37222a84b7be87efdfceeaf293c155ede77bc2632504e49abffc2a49055d
6125,廣運,material_info,第8款,代重要子公司金運科技股份有限公司 公告研發主管任命,TPEx material information,https://www.tpex.org.tw/openapi/v1/mopsfin_t187ap04_O,2026-07-01 16:53:44,,,2026-07-02,false,true,sha256:00673ec660b73837ea77202b0e2f8f0780c83d1418912ef20a0a2247a314b1b2
6125,廣運,material_info,第8款,公告本公司研發主管異動,TPEx material information,https://www.tpex.org.tw/openapi/v1/mopsfin_t187ap04_O,2026-07-01 17:21:00,,,2026-07-02,false,true,sha256:9dbc2fa481fb7cfacce11688c5b10fce5adb343f5e968587ca68f665ac982cf8
6125,廣運,material_info,第8款,本公司發言人異動,TPEx material information,https://www.tpex.org.tw/openapi/v1/mopsfin_t187ap04_O,2026-07-01 17:21:13,,,2026-07-02,false,true,sha256:ed6cbd5c3e7da8975c7a70eb8bde87cf5520fb3472bffc6a246f441f6c05ef7c
6125,廣運,material_info,第8款,本公司永續發展委員會副主任委員異動,TPEx material information,https://www.tpex.org.tw/openapi/v1/mopsfin_t187ap04_O,2026-07-01 17:21:26,,,2026-07-02,false,true,sha256:e37ca1c8ebe7ed45d959969318d054f2ce5abec67f421190adaf2bb25b2d5910
2428,興勤,material_info,第23款,代子公司東莞為勤電子有限公司依公開發行公司資金貸與及 背書保證處理準則第二十二條第一項第三款規定公告,TWSE material information,https://openapi.twse.com.tw/v1/opendata/t187ap04_L,2026-07-01 18:06:46,,,2026-07-02,false,true,sha256:0b575e1d194cf9ab291e32b121a0f1162713accdd9985eff8a06cd675d5c4f9b
6230,尼得科超眾,material_info,第6款,公告本公司法人董事尼得科株式會社改派代表人,TWSE material information,https://openapi.twse.com.tw/v1/opendata/t187ap04_L,2026-07-01 18:09:22,,,2026-07-02,false,true,sha256:939834f60b7d8f2b953d5749ea45f1396cc3eca98fe0bd99e96457bae998a5d6
6230,尼得科超眾,material_info,第6款,公告本公司董事長異動,TWSE material information,https://openapi.twse.com.tw/v1/opendata/t187ap04_L,2026-07-01 18:09:51,,,2026-07-02,false,true,sha256:c15f4ad639dfa1f45e18243799c16b61b4a71cd1234607904039c32611b39aca
2474,可成,material_info,第20款,代子公司益釧股份有限公司公告一年內累積取得邦特生物科技股份有限公司 普通股股票達新台幣三億元以上,TWSE material information,https://openapi.twse.com.tw/v1/opendata/t187ap04_L,2026-07-01 18:12:51,,,2026-07-02,false,true,sha256:fe44f05cf5acfb4e2a1305100971dd23d3ecae2f91a4b8e8960373322a410cff
6770,力積電,material_info,第51款,澄清媒體有關本公司之報導,TWSE material information,https://openapi.twse.com.tw/v1/opendata/t187ap04_L,2026-07-01 23:53:49,,,2026-07-02,false,true,sha256:402a509fd9767a91bc7d9c7adde3c9ac98e757f1b00a9b22a12e058830d50c75
2317,鴻海,ex_dividend,,息,TWSE ex-dividend preview,https://openapi.twse.com.tw/v1/exchangeReport/TWT48U_ALL,2026-07-02 00:00:00,2026-07-02,,2026-07-02,true,false,sha256:6a91222ed4d3cd3d7f4a3702d2d329fd92fab7e364c6000504b4c14540b8dad8
3090,日電貿,ex_dividend,,息,TWSE ex-dividend preview,https://openapi.twse.com.tw/v1/exchangeReport/TWT48U_ALL,2026-07-02 00:00:00,2026-07-02,,2026-07-02,true,false,sha256:0b43bf1b52c844f742fe816c8d89f90b2e3ab1265b93af3ece2c2045ee2dd459
3131,弘塑,attention,最近六個營業日(含當日)起迄兩個營業日之最後成交價價差達新臺幣335元(第十一款),最近六個營業日(含當日)起迄兩個營業日之最後成交價價差達新臺幣335元(第十一款),TPEx attention securities,https://www.tpex.org.tw/openapi/v1/tpex_trading_warning_information,2026-07-02 00:00:00,,,2026-07-02,true,false,sha256:f736b1363d69dee987e2afeca8666efa8352cbf50665d384e3cefdccdecdcfc5
3131,弘塑,ex_dividend,第14款,TPEx material information,TPEx material information,https://www.tpex.org.tw/openapi/v1/mopsfin_t187ap04_O,2026-07-02 00:00:00,2026-07-02,,2026-07-02,true,false,sha256:de3719bbb2ff66d65a0dfee3fed2fef9d0cde0201acb9f9ff1fe5e9d705b629f
3189,景碩,ex_dividend,,息,TWSE ex-dividend preview,https://openapi.twse.com.tw/v1/exchangeReport/TWT48U_ALL,2026-07-02 00:00:00,2026-07-02,,2026-07-02,true,false,sha256:4fe5b499f717f5e371fe87f3abdad4f944ba3ee4817db921c7c2efa56b72f08c
5328,華容,attention,最近六個營業日(含當日)累積之最後成交價漲幅達36.6%(第一款)最近三十個營業日(含當日)起迄兩個營業日之最後成交價漲幅達141.23%(第二款)最近六十個營業日(含當日)起迄兩個營業日之最後成交價漲幅達239.83%(第二款)最近九十個營業日(含當日)起迄兩個營業日之最後成交價漲幅達235.65%(第二款)當日週轉率達49.89%(第四款),最近六個營業日(含當日)累積之最後成交價漲幅達36.6%(第一款)最近三十個營業日(含當日)起迄兩個營業日之最後成交價漲幅達141.23%(第二款)最近六十個營業日(含當日)起迄兩個營業日之最後成交價漲幅達239.83%(第二款)最近九十個營業日(含當日)起迄兩個營業日之最後成交價漲幅達235.65%(第二款)當日週轉率達49.89%(第四款),TPEx attention securities,https://www.tpex.org.tw/openapi/v1/tpex_trading_warning_information,2026-07-02 00:00:00,,,2026-07-02,true,false,sha256:62317fc5ea970de56ac65cf0681a73243d099937a381a05f18a23de6d5e92525
6197,佳必琪,ex_dividend,,息,TWSE ex-dividend preview,https://openapi.twse.com.tw/v1/exchangeReport/TWT48U_ALL,2026-07-02 00:00:00,2026-07-02,,2026-07-02,true,false,sha256:9203896a14477d091e9b84295d497cdb5c7663549e853c43beea9a9059775135
6213,聯茂,ex_dividend,,息,TWSE ex-dividend preview,https://openapi.twse.com.tw/v1/exchangeReport/TWT48U_ALL,2026-07-02 00:00:00,2026-07-02,,2026-07-02,true,false,sha256:9f816826e8463290d7c43f86548022126ddbd74a47d8677bdc864fad27c18b07
6223,旺矽,attention,最近九十個營業日(含當日)起迄兩個營業日之最後成交價漲幅達160.03%(第二款),最近九十個營業日(含當日)起迄兩個營業日之最後成交價漲幅達160.03%(第二款),TPEx attention securities,https://www.tpex.org.tw/openapi/v1/tpex_trading_warning_information,2026-07-02 00:00:00,,,2026-07-02,true,false,sha256:b303d282383ceda2deebd698831044dbf991f8be6b9b23347361283ab1f63be7
6488,環球晶,attention,最近六個營業日(含當日)累積之最後成交價漲幅達24.35%且最近六個營業日(含當日)起迄兩個營業日之最後成交價價差達新臺幣165元(第一款),最近六個營業日(含當日)累積之最後成交價漲幅達24.35%且最近六個營業日(含當日)起迄兩個營業日之最後成交價價差達新臺幣165元(第一款),TPEx attention securities,https://www.tpex.org.tw/openapi/v1/tpex_trading_warning_information,2026-07-02 00:00:00,,,2026-07-02,true,false,sha256:540f4b97adacc965c952e9bb7adfaa13e4843fd19aa1f5395eae6a609bd2c797
8027,鈦昇,attention,最近九十個營業日(含當日)起迄兩個營業日之最後成交價漲幅達169.92%(第二款),最近九十個營業日(含當日)起迄兩個營業日之最後成交價漲幅達169.92%(第二款),TPEx attention securities,https://www.tpex.org.tw/openapi/v1/tpex_trading_warning_information,2026-07-02 00:00:00,,,2026-07-02,true,false,sha256:18621a791bd116dba7ca2c2804a80a554291c01b903996a31128602ebf4a5fa3
8043,蜜望實,attention,最近六個營業日(自當日之前一個營業日起)之當日沖銷成交量占總成交量比率達63.64%，當日之前一個營業日當日沖銷成交量占總成交量達61.66%（第十三款),最近六個營業日(自當日之前一個營業日起)之當日沖銷成交量占總成交量比率達63.64%，當日之前一個營業日當日沖銷成交量占總成交量達61.66%（第十三款),TPEx attention securities,https://www.tpex.org.tw/openapi/v1/tpex_trading_warning_information,2026-07-02 00:00:00,,,2026-07-02,true,false,sha256:21c45c9d9fc7377e3356929cc422c7ce8b95aea4bdef326ceb81e523f68fc6f2
8081,致新,ex_dividend,,息,TWSE ex-dividend preview,https://openapi.twse.com.tw/v1/exchangeReport/TWT48U_ALL,2026-07-02 00:00:00,2026-07-02,,2026-07-02,true,false,sha256:6f0baac89c93af2cafb88b2c3cc5478e686cf5b5d00aff2a774f1fe6619d87be
3711,日月光投控,ex_dividend,,息,TWSE ex-dividend preview,https://openapi.twse.com.tw/v1/exchangeReport/TWT48U_ALL,2026-07-03 00:00:00,2026-07-03,,2026-07-03,true,false,sha256:aeb5f5602f37feddedccb381a26d88ec6e525eed6b3580cce2ba45bdb52fad6b
2474,可成,ex_dividend,,息,TWSE ex-dividend preview,https://openapi.twse.com.tw/v1/exchangeReport/TWT48U_ALL,2026-07-06 00:00:00,2026-07-06,,2026-07-06,true,false,sha256:1b8c5c85b704b99b4104ffe360bdef7196c1892cfdbe54bcd8f75f8dc72490e2
3037,欣興,ex_dividend,,息,TWSE ex-dividend preview,https://openapi.twse.com.tw/v1/exchangeReport/TWT48U_ALL,2026-07-06 00:00:00,2026-07-06,,2026-07-06,true,false,sha256:be28e36b7721b047096d75441474fe270a942fe91941e887d34d8fe35faa00be
3704,合勤控,ex_dividend,,息,TWSE ex-dividend preview,https://openapi.twse.com.tw/v1/exchangeReport/TWT48U_ALL,2026-07-06 00:00:00,2026-07-06,,2026-07-06,true,false,sha256:dc1ca4f1a04eba1267a0c3e4964506c2225cbe1c37186e2dbee7679e5e9ff303
5347,世界,ex_dividend,,除息,TPEx ex-dividend preview,https://www.tpex.org.tw/openapi/v1/tpex_exright_prepost,2026-07-06 00:00:00,2026-07-06,,2026-07-06,true,false,sha256:951266cefd70743c1e966bdb223be182fa19448f4502b6137207ff15402d5d67
5536,聖暉*,ex_dividend,,除息,TPEx ex-dividend preview,https://www.tpex.org.tw/openapi/v1/tpex_exright_prepost,2026-07-06 00:00:00,2026-07-06,,2026-07-06,true,false,sha256:b9fe64a9fc89eab90b446452ba4bf7fd4d5f85afc52983ff8bc1b143281bd899
6155,鈞寶,ex_dividend,,息,TWSE ex-dividend preview,https://openapi.twse.com.tw/v1/exchangeReport/TWT48U_ALL,2026-07-06 00:00:00,2026-07-06,,2026-07-06,true,false,sha256:882a1e3c9537a8a29e9dc4705fdeef03afd0953c1cc3c8c9bd31025e598156a9
7734,印能科技,ex_dividend,,除息,TPEx ex-dividend preview,https://www.tpex.org.tw/openapi/v1/tpex_exright_prepost,2026-07-06 00:00:00,2026-07-06,,2026-07-06,true,false,sha256:5a16f52b3943d3bac49524a3c0db38c4703b9d122d6d88bdc6ec28beb3906d24
8112,至上甲特,ex_dividend,,權息,TWSE ex-dividend preview,https://openapi.twse.com.tw/v1/exchangeReport/TWT48U_ALL,2026-07-06 00:00:00,2026-07-06,,2026-07-06,true,false,sha256:b7b51d9780e4cb70ed7ec51a1a5bd5cd8ab0b62a4ab29076e8191dfa9314bebd
2408,南亞科,ex_dividend,,息,TWSE ex-dividend preview,https://openapi.twse.com.tw/v1/exchangeReport/TWT48U_ALL,2026-07-07 00:00:00,2026-07-07,,2026-07-07,true,false,sha256:cbd260bc141cd368dba96da927f0ed33e0dc6e2d0a6cb5f4ba1e48c967cf99c4
2417,圓剛,ex_dividend,,息,TWSE ex-dividend preview,https://openapi.twse.com.tw/v1/exchangeReport/TWT48U_ALL,2026-07-07 00:00:00,2026-07-07,,2026-07-07,true,false,sha256:c0e85e3030d3da0231e9b0655a7cb7df8582f9c9d9fcb5b887c6db20434af65b
2454,聯發科,ex_dividend,,息,TWSE ex-dividend preview,https://openapi.twse.com.tw/v1/exchangeReport/TWT48U_ALL,2026-07-07 00:00:00,2026-07-07,,2026-07-07,true,false,sha256:f5095c4548f641c08aebcb175fcce62b9117a46edeaa3a3beea1c1ac6600717d
4772,台特化,ex_dividend,,除息,TPEx ex-dividend preview,https://www.tpex.org.tw/openapi/v1/tpex_exright_prepost,2026-07-07 00:00:00,2026-07-07,,2026-07-07,true,false,sha256:8e2aa5956d398ec6146b7861b8f691fed9d60c6cb0b32e55ea522dc7bbeb25d7
5274,信驊,ex_dividend,,除權,TPEx ex-dividend preview,https://www.tpex.org.tw/openapi/v1/tpex_exright_prepost,2026-07-07 00:00:00,2026-07-07,,2026-07-07,true,false,sha256:e2bcc85d492a45380d08f88c3fe8793c2abb7939feea2dfc81c69ee7f6b11451
6257,矽格,ex_dividend,,息,TWSE ex-dividend preview,https://openapi.twse.com.tw/v1/exchangeReport/TWT48U_ALL,2026-07-07 00:00:00,2026-07-07,,2026-07-07,true,false,sha256:6434730cb68aa7718187cbcaf40c08d6433112c94040d8bc1ac8f98a3218a6ff
6526,達發,ex_dividend,,息,TWSE ex-dividend preview,https://openapi.twse.com.tw/v1/exchangeReport/TWT48U_ALL,2026-07-07 00:00:00,2026-07-07,,2026-07-07,true,false,sha256:679ea7d35049bbfef5ced956149e50b434b68898e0cb2407fee85eb35770d297
1303,南亞,ex_dividend,,息,TWSE ex-dividend preview,https://openapi.twse.com.tw/v1/exchangeReport/TWT48U_ALL,2026-07-08 00:00:00,2026-07-08,,2026-07-08,true,false,sha256:639b2dc2d4b0cd48af01ca7341435ec7917ae931d55cf514aeb55e4e1c7ed2c1
2049,上銀,ex_dividend,,息,TWSE ex-dividend preview,https://openapi.twse.com.tw/v1/exchangeReport/TWT48U_ALL,2026-07-08 00:00:00,2026-07-08,,2026-07-08,true,false,sha256:a2dbef43c8d1f94cecc91e4db63d06d5fe0ae109448e4f29287b73920dd30fd3
2303,聯電,ex_dividend,,息,TWSE ex-dividend preview,https://openapi.twse.com.tw/v1/exchangeReport/TWT48U_ALL,2026-07-08 00:00:00,2026-07-08,,2026-07-08,true,false,sha256:0cb429632b98244d9bf55892ae251dd2570c1fe3307b36effa087a485b65b487
2618,長榮航,ex_dividend,,息,TWSE ex-dividend preview,https://openapi.twse.com.tw/v1/exchangeReport/TWT48U_ALL,2026-07-08 00:00:00,2026-07-08,,2026-07-08,true,false,sha256:1dcf19a917ad82938e9093a9ff95f2b8705e189e40edbd7cef4bbc7138a63764
3231,緯創,ex_dividend,,息,TWSE ex-dividend preview,https://openapi.twse.com.tw/v1/exchangeReport/TWT48U_ALL,2026-07-08 00:00:00,2026-07-08,,2026-07-08,true,false,sha256:08a10060c41d427c8707dfbbd7b1b74bbc7e7f9d6c36bac62a7d27f94a798fe3
4904,遠傳,ex_dividend,,息,TWSE ex-dividend preview,https://openapi.twse.com.tw/v1/exchangeReport/TWT48U_ALL,2026-07-08 00:00:00,2026-07-08,,2026-07-08,true,false,sha256:da580e1777a7898240de03c11fd30025b1e9d1c7cc8d2c2e44be1bea79f42d1b
8155,博智,ex_dividend,,除息,TPEx ex-dividend preview,https://www.tpex.org.tw/openapi/v1/tpex_exright_prepost,2026-07-08 00:00:00,2026-07-08,,2026-07-08,true,false,sha256:93bcd318a850035f281e0de84f5f685137a7789a800d3aad6e33e36668339f9e
1513,中興電,ex_dividend,,息,TWSE ex-dividend preview,https://openapi.twse.com.tw/v1/exchangeReport/TWT48U_ALL,2026-07-09 00:00:00,2026-07-09,,2026-07-09,true,false,sha256:e35f9e891ba4a4fa932189c7c12fc179dad97c01f6805a15cdb7826bb112862a
2412,中華電,ex_dividend,,息,TWSE ex-dividend preview,https://openapi.twse.com.tw/v1/exchangeReport/TWT48U_ALL,2026-07-09 00:00:00,2026-07-09,,2026-07-09,true,false,sha256:c40875590dbc9a8d1bee7f13a7aaf73a4d8a04b8bda8e6295596a998893d4ae6
2478,大毅,ex_dividend,,息,TWSE ex-dividend preview,https://openapi.twse.com.tw/v1/exchangeReport/TWT48U_ALL,2026-07-09 00:00:00,2026-07-09,,2026-07-09,true,false,sha256:99edb6f1067eb63a1567a62d00319655d86b306c4f6ddee6baa023696ede1933
2492,華新科,ex_dividend,,息,TWSE ex-dividend preview,https://openapi.twse.com.tw/v1/exchangeReport/TWT48U_ALL,2026-07-09 00:00:00,2026-07-09,,2026-07-09,true,false,sha256:536155232adcf2f517b4907bcf053d9fb2f02786c6730a10d5667848c34a9ecd
3044,健鼎,ex_dividend,,息,TWSE ex-dividend preview,https://openapi.twse.com.tw/v1/exchangeReport/TWT48U_ALL,2026-07-09 00:00:00,2026-07-09,,2026-07-09,true,false,sha256:6a286d4794285db99b62597cf86e2c50e66bf4f1615e8ab28bcfa9472a01773b
3045,台灣大,ex_dividend,,息,TWSE ex-dividend preview,https://openapi.twse.com.tw/v1/exchangeReport/TWT48U_ALL,2026-07-09 00:00:00,2026-07-09,,2026-07-09,true,false,sha256:d82c816a25448624458084486077bd90f6b2c64e3ec7ac844f2f1310d3efb0b1
3167,大量,ex_dividend,,息,TWSE ex-dividend preview,https://openapi.twse.com.tw/v1/exchangeReport/TWT48U_ALL,2026-07-09 00:00:00,2026-07-09,,2026-07-09,true,false,sha256:6d49c8be81f0ccd5a1a40020c2c08d5cc358392e5ba720dad6f1353a975e989d
5469,瀚宇博,ex_dividend,,息,TWSE ex-dividend preview,https://openapi.twse.com.tw/v1/exchangeReport/TWT48U_ALL,2026-07-09 00:00:00,2026-07-09,,2026-07-09,true,false,sha256:daf69dd71a13a54ba1b3bd085eecaa74d9e7d14ac93cb0dea02b030eb7994f04
6166,凌華,ex_dividend,,息,TWSE ex-dividend preview,https://openapi.twse.com.tw/v1/exchangeReport/TWT48U_ALL,2026-07-09 00:00:00,2026-07-09,,2026-07-09,true,false,sha256:3faa31e2f311c9ff4a397b3855f8957b482b1505bbed65091d5fa01191a67de4
6173,信昌電,ex_dividend,,除息,TPEx ex-dividend preview,https://www.tpex.org.tw/openapi/v1/tpex_exright_prepost,2026-07-09 00:00:00,2026-07-09,,2026-07-09,true,false,sha256:57fa63ca6f1fd28d1fc030a6085c855fbaab93f6ab8e787828ae6406a099c1c5
6191,精成科,ex_dividend,,息,TWSE ex-dividend preview,https://openapi.twse.com.tw/v1/exchangeReport/TWT48U_ALL,2026-07-09 00:00:00,2026-07-09,,2026-07-09,true,false,sha256:4bff83a27428b4c92ac15165eca1e47961960d66afb823565089be2d7f274361
6223,旺矽,ex_dividend,,除息,TPEx ex-dividend preview,https://www.tpex.org.tw/openapi/v1/tpex_exright_prepost,2026-07-09 00:00:00,2026-07-09,,2026-07-09,true,false,sha256:6ef5d4b15970f191a3c8768aa73466a794f66b564ac1c6cf8c0f55c1526058c3
6284,佳邦,ex_dividend,,除息,TPEx ex-dividend preview,https://www.tpex.org.tw/openapi/v1/tpex_exright_prepost,2026-07-09 00:00:00,2026-07-09,,2026-07-09,true,false,sha256:392df9245090146158b947a821914cb5e805573edc981cd0e3aba1770a49da33
6510,精測,ex_dividend,,除息,TPEx ex-dividend preview,https://www.tpex.org.tw/openapi/v1/tpex_exright_prepost,2026-07-09 00:00:00,2026-07-09,,2026-07-09,true,false,sha256:1911bef7baa3dc850e1b0eceeafbd5dc4fe80a46d6e86b382debf97eaa52a2e5
6781,AES-KY,ex_dividend,,息,TWSE ex-dividend preview,https://openapi.twse.com.tw/v1/exchangeReport/TWT48U_ALL,2026-07-09 00:00:00,2026-07-09,,2026-07-09,true,false,sha256:1c0edc0cea7d1760cc8cf432ff90ae42a1db0f0318345e2bdc97d7ccdc3bce29
8110,華東,ex_dividend,,息,TWSE ex-dividend preview,https://openapi.twse.com.tw/v1/exchangeReport/TWT48U_ALL,2026-07-09 00:00:00,2026-07-09,,2026-07-09,true,false,sha256:2ac0252236d4160d95157bd494d6934a25a183ea5c309965e4e9fbcf65e79590
8374,羅昇,ex_dividend,,息,TWSE ex-dividend preview,https://openapi.twse.com.tw/v1/exchangeReport/TWT48U_ALL,2026-07-09 00:00:00,2026-07-09,,2026-07-09,true,false,sha256:453ea77f568bbb629dcc3f63fc6c56be544b0cdb866387cd8dae0651a6804cdf
2610,華航,ex_dividend,,息,TWSE ex-dividend preview,https://openapi.twse.com.tw/v1/exchangeReport/TWT48U_ALL,2026-07-10 00:00:00,2026-07-10,,2026-07-10,true,false,sha256:944248ef40d003a1de5c6046ad51f20239c3c2e464149c27b89b9ff256e48fe3
3034,聯詠,ex_dividend,,息,TWSE ex-dividend preview,https://openapi.twse.com.tw/v1/exchangeReport/TWT48U_ALL,2026-07-10 00:00:00,2026-07-10,,2026-07-10,true,false,sha256:332357987851ed7eb21fecc6b79f0e076890df3fcd0a5268f3b141bf667fe18d
2347,聯強,ex_dividend,,息,TWSE ex-dividend preview,https://openapi.twse.com.tw/v1/exchangeReport/TWT48U_ALL,2026-07-13 00:00:00,2026-07-13,,2026-07-13,true,false,sha256:78acfd5c47956a15b4368c90d8ccb4c57ae6cac1d236ed18a21d72c5acd750e5
2359,所羅門,ex_dividend,,息,TWSE ex-dividend preview,https://openapi.twse.com.tw/v1/exchangeReport/TWT48U_ALL,2026-07-13 00:00:00,2026-07-13,,2026-07-13,true,false,sha256:04890c2bc59afefac2487ca8db5a2dec41972c5a5460c44b1b8f59decc7d6089
4999,鑫禾,ex_dividend,,息,TWSE ex-dividend preview,https://openapi.twse.com.tw/v1/exchangeReport/TWT48U_ALL,2026-07-13 00:00:00,2026-07-13,,2026-07-13,true,false,sha256:d68d45f732b3f72385298bc8b1b77ac610483a10a1a2b807e59f4c4cda6e10a4
3013,晟銘電,ex_dividend,,息,TWSE ex-dividend preview,https://openapi.twse.com.tw/v1/exchangeReport/TWT48U_ALL,2026-07-14 00:00:00,2026-07-14,,2026-07-14,true,false,sha256:c5172fe7c68eb497119dba707d43de1e6c03fa3f34a3781e946f1608f866d675
3532,台勝科,ex_dividend,,息,TWSE ex-dividend preview,https://openapi.twse.com.tw/v1/exchangeReport/TWT48U_ALL,2026-07-14 00:00:00,2026-07-14,,2026-07-14,true,false,sha256:8e915bfb9f75fd95d98f6ef4a1414d9bbb28b74a902e873adacdcc5e6cc2929d
3645,達邁,ex_dividend,,息,TWSE ex-dividend preview,https://openapi.twse.com.tw/v1/exchangeReport/TWT48U_ALL,2026-07-14 00:00:00,2026-07-14,,2026-07-14,true,false,sha256:33b42e9f13fe1251ae41c4f9d6b0c6f28b187b70e7b9ecb7ec49287b89868f82
4979,華星光,ex_dividend,,除息,TPEx ex-dividend preview,https://www.tpex.org.tw/openapi/v1/tpex_exright_prepost,2026-07-14 00:00:00,2026-07-14,,2026-07-14,true,false,sha256:8f41dc87bebf21ebbcbcef4ee0ae4fb58546da5307582365d745a08d808a8643
2356,英業達,ex_dividend,,息,TWSE ex-dividend preview,https://openapi.twse.com.tw/v1/exchangeReport/TWT48U_ALL,2026-07-15 00:00:00,2026-07-15,,2026-07-15,true,false,sha256:5ab24fa54dbe59c00df3f6942bc2c5390671e6f09263b0a6ef4d4fd92acc50a6
3081,聯亞,ex_dividend,,除權息,TPEx ex-dividend preview,https://www.tpex.org.tw/openapi/v1/tpex_exright_prepost,2026-07-15 00:00:00,2026-07-15,,2026-07-15,true,false,sha256:16956fcb750c9a13f7910ae6ab4c96e77466634677d62328c3fb6ba91188beab
3665,貿聯-KY,ex_dividend,,息,TWSE ex-dividend preview,https://openapi.twse.com.tw/v1/exchangeReport/TWT48U_ALL,2026-07-15 00:00:00,2026-07-15,,2026-07-15,true,false,sha256:621639bca2ac4659163097a0129d0e38244964d077dbeab7a3ee1e3a877db74d
6442,光聖,ex_dividend,,息,TWSE ex-dividend preview,https://openapi.twse.com.tw/v1/exchangeReport/TWT48U_ALL,2026-07-15 00:00:00,2026-07-15,,2026-07-15,true,false,sha256:e403e6a3233978a60f4586c290a185b1b3ce7c2889c57691c6855b23f2e68156
7717,萊德光電-KY,ex_dividend,,除息,TPEx ex-dividend preview,https://www.tpex.org.tw/openapi/v1/tpex_exright_prepost,2026-07-15 00:00:00,2026-07-15,,2026-07-15,true,false,sha256:2e54dc895552af8facb4bf2d79b27de7406b2e0e7b7680f70eb4c1186f2ed610
8021,尖點,ex_dividend,,息,TWSE ex-dividend preview,https://openapi.twse.com.tw/v1/exchangeReport/TWT48U_ALL,2026-07-15 00:00:00,2026-07-15,,2026-07-15,true,false,sha256:dc25022d3e985e1a3b0c3b52b1fc37fb8afced1f3a02708fb8804b020d824542
1560,中砂,ex_dividend,,息,TWSE ex-dividend preview,https://openapi.twse.com.tw/v1/exchangeReport/TWT48U_ALL,2026-07-16 00:00:00,2026-07-16,,2026-07-16,true,false,sha256:931b1d9b0215d5700e88e7be3fb045362740de263e0dfb4acf6bf5d6032417ae
2404,漢唐,ex_dividend,,息,TWSE ex-dividend preview,https://openapi.twse.com.tw/v1/exchangeReport/TWT48U_ALL,2026-07-16 00:00:00,2026-07-16,,2026-07-16,true,false,sha256:aea409e07c519e7ffc561a96ce0c476e2b440d981577b62bec07f7a18987fc25
6190,萬泰科,ex_dividend,,除息,TPEx ex-dividend preview,https://www.tpex.org.tw/openapi/v1/tpex_exright_prepost,2026-07-16 00:00:00,2026-07-16,,2026-07-16,true,false,sha256:f79bfc208258113b0d6a776701a4242378976e2d9388cfde18cac377b16e8c1f
6488,環球晶,ex_dividend,,除息,TPEx ex-dividend preview,https://www.tpex.org.tw/openapi/v1/tpex_exright_prepost,2026-07-16 00:00:00,2026-07-16,,2026-07-16,true,false,sha256:8508d0ee6c7892157db435f7cc8879ddf8538a9f2d996cd2e303e21bfa97aeb7
3138,耀登,ex_dividend,,息,TWSE ex-dividend preview,https://openapi.twse.com.tw/v1/exchangeReport/TWT48U_ALL,2026-07-22 00:00:00,2026-07-22,,2026-07-22,true,false,sha256:eefc31ab0fa3e761a9da2f413c3c2ff5417982c7dc8758d70c71d355e74cdbb8
1503,士電,ex_dividend,,息,TWSE ex-dividend preview,https://openapi.twse.com.tw/v1/exchangeReport/TWT48U_ALL,2026-07-23 00:00:00,2026-07-23,,2026-07-23,true,false,sha256:e8bcf4a1b0caf006ac443352823e4f90ffaf680a38999d5575acf4d84ad1c4ec
1590,亞德客-KY,ex_dividend,,息,TWSE ex-dividend preview,https://openapi.twse.com.tw/v1/exchangeReport/TWT48U_ALL,2026-07-23 00:00:00,2026-07-23,,2026-07-23,true,false,sha256:b6d91b35fce3a3cfd3558bbe4c0a0a2a57f17bc441a4296c7586efd1ee9044db
2376,技嘉,ex_dividend,,息,TWSE ex-dividend preview,https://openapi.twse.com.tw/v1/exchangeReport/TWT48U_ALL,2026-08-03 00:00:00,2026-08-03,,2026-08-03,true,false,sha256:ffac97cda23f06de7575c469d206a2d924b022d091ea6bb58b2f64fb735d95d9
3533,嘉澤,ex_dividend,,息,TWSE ex-dividend preview,https://openapi.twse.com.tw/v1/exchangeReport/TWT48U_ALL,2026-08-04 00:00:00,2026-08-04,,2026-08-04,true,false,sha256:147243386052a5f4164a493ec594c6274e091aa3bffcbc0146cf040bed4f1ea1
